Year,Afghanistan,Albania,Algeria,Andorra,Angola,Antigua and Barbuda,Argentina,Armenia,Australia,Austria,Azerbaijan,Bahamas,Bahrain,Bangladesh,Barbados,Belarus,Belgium,Belize,Benin,Bhutan,Bolivia (Plurinational State of),Bosnia and Herzegovina,Botswana,Brazil,Brunei Darussalam,Bulgaria,Burkina Faso,Burundi,Cabo Verde,Cambodia,Cameroon,Canada,Central African Republic,Chad,Chile,China,Colombia,Comoros,Congo,Cook Islands,Costa Rica,CÃ´te d'Ivoire,Croatia,Cuba,Cyprus,Czechia,Democratic People's Republic of Korea,Democratic Republic of the Congo,Denmark,Djibouti,Dominica,Dominican Republic,Ecuador,Egypt,El Salvador,Equatorial Guinea,Eritrea,Estonia,Eswatini,Ethiopia,Fiji,Finland,France,Gabon,Gambia,Georgia,Germany,Ghana,Greece,Grenada,Guatemala,Guinea,Guinea-Bissau,Guyana,Haiti,Honduras,Hungary,Iceland,India,Indonesia,Iran (Islamic Republic of),Iraq,Ireland,Israel,Italy,Jamaica,Japan,Jordan,Kazakhstan,Kenya,Kiribati,Kuwait,Kyrgyzstan,Lao People's Democratic Republic,Latvia,Lebanon,Lesotho,Liberia,Libya,Lithuania,Luxembourg,Madagascar,Malawi,Malaysia,Maldives,Mali,Malta,Marshall Islands,Mauritania,Mauritius,Mexico,Micronesia (Federated States of),Monaco,Mongolia,Montenegro,Morocco,Mozambique,Myanmar,Namibia,Nauru,Nepal,Netherlands,New Zealand,Nicaragua,Niger,Nigeria,Niue,North Macedonia,Norway,Oman,Pakistan,Palau,Panama,Papua New Guinea,Paraguay,Peru,Philippines,Poland,Portugal,Qatar,Republic of Korea,Republic of Moldova,Romania,Russian Federation,Rwanda,Saint Kitts and Nevis,Saint Lucia,Saint Vincent and the Grenadines,Samoa,San Marino,Sao Tome and Principe,Saudi Arabia,Senegal,Serbia,Seychelles,Sierra Leone,Singapore,Slovakia,Slovenia,Solomon Islands,Somalia,South Africa,South Sudan,Spain,Sri Lanka,State of Palestine,Sudan,Suriname,Sweden,Switzerland,Syrian Arab Republic,Tajikistan,Thailand,Timor-Leste,Togo,Tonga,Trinidad and Tobago,Tunisia,Turkey,Turkmenistan,Tuvalu,Uganda,Ukraine,United Arab Emirates,United Kingdom,United Republic of Tanzania,United States,Uruguay,Uzbekistan,Vanuatu,Venezuela (Bolivarian Republic of),Viet Nam,Yemen,Zambia,Zimbabwe
2000,42.65551,2.976923,5.954217,0.477032,95.11513,2.719655,2.130927,3.769654,1.076482,0.924158,14.52869,2.73368,1.76479,24.99643,1.432079,2.844751,1.043034,3.654977,57.88693,21.14317,20.83852,1.212888,38.84403,4.485723,2.063557,3.214015,96.83223,67.12939,6.562507,29.64475,64.55464,0.95998,68.08614,94.89723,1.660752,6.904363,3.950441,31.00227,45.03499,2.590651,1.876508,52.42983,1.146831,1.804507,0.923108,0.967002,16.29696,59.9738,0.943556,23.05665,2.036579,8.101941,4.879597,9.901185,5.835242,54.98521,30.95353,2.304255,50.53862,59.26479,3.457371,0.770447,0.948649,31.99917,56.13031,4.875069,0.979264,37.6941,0.894704,2.314114,11.48275,72.54497,77.44444,9.852245,31.62235,6.997096,1.477531,0.861853,26.7469,11.72013,6.188027,9.11815,1.171813,1.269545,0.845933,3.37549,1.228408,4.410203,6.089587,45.08963,18.61016,1.74131,7.557826,32.9666,2.744345,2.937103,35.88222,69.31911,4.064068,2.200826,0.866444,41.51901,80.69838,1.46053,7.599665,96.01847,0.941106,8.045843,47.26135,2.276696,4.255587,12.11445,0.953379,15.66228,1.477604,8.038459,65.55871,25.72048,31.39547,8.316869,22.49704,1.069604,1.314426,6.835425,142.5888,83.14902,3.703061,1.703325,0.934818,2.340427,27.00096,3.172597,4.147791,19.02425,6.058556,9.285755,9.302747,1.248187,1.683307,1.758453,1.088941,5.435059,3.638856,2.821293,83.81052,4.354486,2.587485,3.271149,3.159169,0.680101,30.53227,3.351959,67.71686,1.721559,1.929126,106.7438,0.843272,1.597045,0.923918,5.219774,76.08464,26.18213,82.34247,1.066765,2.350551,5.12213,40.07312,4.425869,0.703923,0.957455,3.623023,17.26344,3.298356,25.58409,47.9031,2.520753,3.428618,5.117578,7.20686,16.3662,8.194825,65.16093,2.673581,1.592509,0.986834,54.97709,1.343453,2.256067,11.01194,4.82133,3.248143,6.522587,28.12269,74.31988,49.26701
2001,40.90914,2.783023,5.812717,0.443815,91.69163,2.618806,2.053193,3.516263,1.051882,0.913447,12.99971,2.723997,1.694133,23.13572,1.429029,2.656399,1.010932,3.49574,56.11737,19.46654,19.15968,1.181993,39.02552,4.090343,1.97599,3.026583,94.09919,64.01197,5.62796,25.24886,62.79646,0.937821,67.28034,92.61284,1.560145,6.181458,3.786073,30.97817,43.48196,2.446175,1.752689,50.84161,1.10943,1.754975,0.892292,0.929513,13.45327,57.34384,0.919601,22.2691,1.963719,7.767025,4.503095,9.062851,5.379955,52.97101,28.93679,2.118532,53.30074,56.06859,3.409831,0.751916,0.921871,31.39143,53.06583,4.405827,0.947788,35.9145,0.851664,2.220685,10.81494,68.49625,74.28972,9.504517,30.21609,6.522571,1.406563,0.822481,25.28463,10.94213,5.717974,8.841565,1.123808,1.231295,0.807502,3.268071,1.166365,4.233574,5.552648,42.30237,17.84544,1.708644,7.019938,31.27123,2.524501,2.73098,37.44311,63.16164,3.945811,2.09953,0.827574,38.71236,73.51111,1.368411,6.369343,91.82448,0.913984,8.013494,47.04584,2.09196,3.946356,11.6986,0.923894,13.93865,1.420292,7.552167,61.67663,24.75127,32.15497,8.01072,20.6725,1.040293,1.278003,6.186844,135.1416,79.98033,3.998076,1.618435,0.907573,2.184788,26.07844,3.020153,4.023988,18.45987,5.871925,8.426882,9.030872,1.187274,1.546893,1.694014,1.03366,4.703051,3.433265,2.647623,76.18173,4.108619,2.531086,3.189983,3.038394,0.631015,28.2425,3.117036,63.12908,1.650331,1.928709,103.0901,0.789088,1.554563,0.88102,5.115569,76.08464,27.72315,77.22789,1.030922,2.269232,4.919097,38.37789,4.218332,0.701347,0.924406,3.400004,15.30456,3.101635,23.56937,46.24974,2.466699,3.412338,4.643079,6.382324,15.69552,7.822951,61.48103,2.522937,1.553414,0.971275,50.97055,1.315341,2.213203,10.28567,4.762916,3.122014,6.11694,26.19685,69.27602,48.66475
2002,39.1344,2.594714,5.614793,0.418867,87.60617,2.537898,1.980276,3.286084,1.030084,0.901192,11.57427,2.723152,1.643226,21.34359,1.424792,2.473514,0.98204,3.366024,54.35634,17.82662,17.60596,1.161199,37.84712,3.717561,1.90063,2.835943,91.07233,60.83758,4.978744,21.00812,60.71693,0.918881,66.37277,90.30341,1.486167,5.495545,3.634477,31.02146,41.09539,2.324812,1.654248,49.1598,1.07084,1.710789,0.862541,0.902522,10.83898,54.59993,0.895142,21.39996,1.905251,7.493919,4.17991,8.331541,4.96946,50.96013,27.10882,1.944814,54.86405,52.80528,3.388858,0.736378,0.891606,30.63991,50.09527,3.936081,0.918288,34.26249,0.809918,2.133617,10.18781,64.69997,71.01123,9.164216,28.9262,6.083568,1.33123,0.786586,23.87919,10.23159,5.26786,8.572889,1.055923,1.193449,0.771935,3.176665,1.112594,4.072663,5.084613,39.5368,17.28715,1.683096,6.527158,29.60412,2.350798,2.527793,38.61075,57.02577,3.826016,2.013827,0.791411,36.09255,66.00962,1.291709,5.348772,87.55556,0.893631,7.965788,46.85596,1.96704,3.664233,11.2711,0.896195,12.30397,1.349029,7.106586,58.26287,23.79134,32.67666,7.76117,18.96698,1.006864,1.244716,5.640639,127.0093,76.67805,4.326516,1.595124,0.876819,2.057263,25.1479,2.866661,3.887655,17.89795,5.682251,7.707958,8.769357,1.14038,1.406129,1.637708,0.979025,4.04921,3.28645,2.449719,67.81409,3.871072,2.488999,3.115476,2.938167,0.584026,26.01204,2.902133,57.77167,1.54189,1.928906,99.29343,0.740637,1.513105,0.841177,5.039566,76.08464,28.86283,72.10027,0.99746,2.199319,4.728654,36.73259,4.009944,0.694659,0.888829,3.221891,13.51082,2.91567,21.66722,44.6034,2.422965,3.371344,4.225923,5.687095,15.03501,7.502409,57.46186,2.377059,1.515981,0.956517,46.99899,1.290684,2.173258,9.54255,4.725793,3.017273,5.835821,24.31886,63.36818,48.14617
2003,37.3456,2.41391,5.385765,0.396167,83.12219,2.456635,1.9106,3.066095,1.009927,0.885476,10.32658,2.716536,1.600029,19.65679,1.415253,2.305822,0.956075,3.270101,52.64636,16.31782,16.15606,1.149411,36.21677,3.385452,1.83937,2.646647,87.55427,57.58299,4.583348,17.48229,58.54117,0.90034,65.46294,88.06091,1.437256,4.842834,3.487245,30.93879,38.03517,2.205626,1.578339,47.40357,1.031827,1.668827,0.833159,0.878294,8.783057,51.85207,0.867601,20.54313,1.86523,7.257436,3.915518,7.698536,4.595216,48.94937,25.45281,1.784787,55.79319,49.49841,3.399255,0.721674,0.85839,29.76109,47.37777,3.472097,0.889646,32.797,0.771142,2.056132,9.595268,61.16252,67.69419,8.852799,27.80048,5.691622,1.262765,0.752138,22.50551,9.564569,4.863035,8.309526,0.976663,1.153743,0.73919,3.096168,1.066138,3.9157,4.654672,36.78826,16.85185,1.661307,6.092569,27.91795,2.191604,2.335798,39.5029,51.40128,3.690619,1.949025,0.755218,33.70474,59.04348,1.238713,4.489764,83.38643,0.878681,7.911732,46.60106,1.912407,3.412998,10.80139,0.872471,10.81775,1.26855,6.68723,55.14046,22.80546,33.01172,7.577638,17.41275,0.970132,1.213801,5.134882,118.3111,73.29722,4.671964,1.593959,0.843343,1.954258,24.25322,2.71862,3.755627,17.35786,5.482156,7.080071,8.527042,1.101599,1.268093,1.585178,0.922772,3.529733,3.162579,2.268285,59.55597,3.647641,2.455154,3.04288,2.861131,0.541659,23.8943,2.704901,52.25765,1.417942,1.930619,95.27957,0.700151,1.472719,0.802518,4.969141,76.08464,29.67847,67.28213,0.964202,2.135177,4.552253,35.12504,3.821247,0.681511,0.85233,3.054875,11.86004,2.744371,19.88192,42.99189,2.392697,3.302075,3.882552,5.059255,14.39332,7.218047,53.29039,2.250185,1.478583,0.941774,43.28792,1.26757,2.126611,8.835716,4.719783,2.910983,5.590437,22.49459,57.25653,47.54184
2004,35.54733,2.239858,5.132388,0.377482,78.25209,2.38873,1.844204,2.874041,0.989792,0.865212,9.216445,2.698791,1.559524,18.05419,1.397558,2.148508,0.934074,3.191985,51.0448,14.90423,14.81639,1.140399,33.61018,3.082186,1.789464,2.459496,83.19219,54.16061,4.353924,14.77141,56.29142,0.881465,64.66422,85.7769,1.400277,4.246499,3.352813,30.58378,34.63765,2.090228,1.522385,45.64702,0.992263,1.629377,0.804073,0.85131,7.411931,49.01329,0.836049,19.71517,1.841739,7.052849,3.686208,7.159513,4.241086,46.92334,23.94979,1.635832,56.17874,46.1869,3.447774,0.705431,0.825702,28.82079,44.68306,3.035743,0.861254,31.49255,0.73558,1.988594,9.043784,58.0011,64.32697,8.561428,26.75026,5.317225,1.203304,0.720289,21.1542,13.89079,4.490407,8.044437,0.898879,1.111786,0.708914,3.029121,1.026424,3.763334,4.257713,34.03192,16.64014,1.638738,5.688886,26.24459,2.02979,2.155925,40.13671,46.39982,3.530395,1.888203,0.719798,31.59089,53.14995,1.204856,6.12562,79.31428,0.869227,7.853416,45.94322,1.906828,3.220041,10.34292,0.850707,9.465487,1.184951,6.302955,52.19806,21.79325,33.40043,7.479083,15.998,0.930733,1.185008,4.697887,109.4151,70.04587,4.97885,1.576497,0.810341,1.870379,23.36267,2.601765,3.624184,16.80788,5.290991,6.550788,8.282929,1.068115,1.1445,1.536368,0.864802,3.158711,3.015354,2.093661,51.97906,3.453004,2.429825,2.973396,2.807881,0.502071,21.77429,2.520483,46.90924,1.296283,1.933361,91.06328,0.668368,1.43286,0.765891,4.902939,76.08464,30.15852,62.86015,0.929784,13.93062,4.387729,33.64877,3.641725,0.66304,0.814629,2.896113,10.41012,2.580898,18.18174,41.42213,2.372101,3.220326,3.587698,4.513731,13.77135,6.95804,49.13327,2.13956,1.440432,0.926135,39.99126,1.244981,2.061781,8.15267,4.733746,2.796951,5.38608,20.7348,51.78992,46.67431
2005,33.75264,2.079787,4.878896,0.355151,72.90303,2.322093,1.784304,2.702288,0.966989,0.842985,8.278244,2.671027,1.516394,16.57807,1.370514,1.996997,0.916088,3.123987,49.53435,13.59653,13.57515,1.125252,30.79102,2.830519,1.748238,2.280312,78.30822,50.44978,4.243256,12.69444,54.13035,0.861267,63.67708,83.4916,1.367683,3.737925,3.23502,29.94605,31.22139,1.976016,1.484502,43.89346,0.953985,1.59261,0.77607,0.819704,6.724489,46.21812,0.800803,18.88464,1.839473,6.87684,3.478748,6.67567,3.93212,44.87031,22.57005,1.49889,55.57879,43.0014,3.518621,0.68687,0.797787,27.72842,42.0507,2.671922,0.83287,30.30727,0.704265,1.9215,8.532585,55.27174,60.95586,8.291114,25.8074,4.979359,1.150647,0.690437,19.83097,8.39384,4.143533,7.771465,0.830195,1.068589,0.683278,2.970613,0.99206,3.616108,3.869639,31.30588,16.58243,1.616724,5.341187,24.63461,1.871519,1.992602,40.35306,42.0535,3.348487,1.818363,0.68634,29.67931,48.77147,1.181133,3.262015,75.51134,0.863499,7.81037,44.98636,1.932506,3.052103,9.883378,0.83088,8.263542,1.094789,5.979664,49.45786,20.74508,32.23608,7.459312,14.72584,0.890268,1.158343,4.292424,100.6609,67.03411,5.197854,1.536314,0.777115,1.807206,22.5176,2.476385,3.499489,16.27454,5.099317,6.100292,8.062024,1.038463,1.043718,1.491357,0.806872,2.903113,2.792481,1.935537,44.83455,3.281931,2.405286,2.904452,2.778966,0.465563,19.84088,2.356827,41.9809,1.193752,1.938849,86.64701,0.644749,1.394796,0.731592,4.827963,76.05758,30.28176,58.80529,0.892944,1.998259,4.22511,32.231,3.487527,0.641333,0.776642,2.749998,9.200009,2.427308,16.59093,39.86631,2.369964,3.119426,3.33978,4.030852,13.11975,6.708177,45.05518,2.046329,1.401685,0.908363,37.17966,1.222703,1.972675,7.525995,4.752446,2.682621,5.216801,19.05491,47.20445,46.00904
2006,31.97911,1.936113,4.642568,0.336849,67.58733,2.251819,1.73352,2.541516,0.938713,0.822403,7.491313,2.62683,1.466057,15.18136,1.337068,1.849915,0.900326,3.063788,48.14535,12.40891,12.42368,1.100077,25.6778,2.617863,1.714432,2.119613,73.02131,46.66851,4.197881,11.09629,52.01661,0.839528,62.40011,81.10603,1.343995,3.304239,3.121094,29.12735,28.03532,1.869673,1.459583,42.01297,0.917529,1.559797,0.74776,0.786642,6.579987,43.46704,0.764596,18.02709,1.85884,6.712399,3.298562,6.233324,3.65627,42.74908,21.20902,1.374125,52.87061,39.96148,3.592063,0.665321,0.776484,26.74426,39.55578,2.350497,0.805025,29.17082,0.678135,1.864716,8.05143,52.92192,57.59182,8.022951,24.9674,4.672771,1.103322,0.663556,18.51708,7.866943,3.835399,7.501311,0.77319,1.027854,0.662572,2.919712,0.960559,3.471177,3.4941,28.71809,16.59353,1.59725,5.023711,23.0878,1.73067,1.843282,39.91135,38.39834,3.144444,1.726832,0.656219,27.94038,45.77799,1.162748,2.862103,71.92451,0.861742,7.750095,43.7254,1.963832,2.906289,9.412273,0.813045,7.201726,1.004546,5.672732,46.74548,19.6794,28.51114,7.484101,13.59245,0.849041,1.135454,3.941252,92.43211,64.2131,5.328028,1.485866,0.744602,1.758607,21.67076,2.340599,3.372832,15.72902,4.926794,5.712321,7.847692,1.007995,0.964412,1.451278,0.751389,2.731357,2.504231,1.797186,38.56895,3.137879,2.381199,2.824243,2.763628,0.4321,18.0411,2.211399,37.5943,1.12222,1.94509,82.04426,0.628465,1.355891,0.699036,4.727878,75.79297,29.36265,55.00323,0.853872,1.908176,4.075519,30.88828,3.340504,0.619413,0.739557,2.609061,8.242782,2.303146,15.11376,38.39038,2.379112,3.015879,3.14853,3.610637,12.53907,6.458861,41.22805,1.964498,1.362556,0.888021,34.54243,1.199629,1.86853,6.918462,4.79919,2.580634,5.073248,17.46098,42.36845,45.31247
2007,30.25685,1.79955,4.427999,0.318403,62.42069,2.186568,1.692178,2.391819,0.904047,0.805316,6.788014,2.570474,1.410841,13.91991,1.300206,1.706921,0.886624,2.999794,46.8549,11.30888,11.37246,1.066899,20.8616,2.430822,1.688661,1.996291,67.60185,43.00023,4.170631,9.747539,49.81407,0.816679,60.83693,78.63322,1.33191,2.968898,3.006366,28.22055,25.3105,1.769823,1.445015,40.30889,0.883096,1.528256,0.719974,0.752836,6.677928,40.89191,0.729178,17.21131,1.89997,6.556165,3.13216,5.857332,3.394537,40.74503,19.96501,1.257469,47.0543,37.08148,3.65302,0.642072,0.760576,25.67415,37.20729,2.075337,0.778253,27.96835,0.658344,1.810081,7.595767,50.91698,54.23389,7.772938,24.17621,4.384987,1.057412,0.637696,17.25042,7.389159,3.544418,7.2201,0.729348,0.990887,0.645112,2.870349,0.930113,3.343286,3.131893,26.12577,16.65905,1.579684,4.678367,21.55303,1.612961,1.715309,38.20999,35.38107,2.930604,1.610909,0.630097,26.36387,43.44912,1.150747,2.540674,68.48364,0.863635,7.69365,42.31017,1.976446,2.780951,8.985607,0.795493,6.245255,0.913535,5.393787,44.16527,18.60938,23.25415,7.56165,12.55157,0.809473,1.116058,3.639057,84.61907,61.62294,5.36152,1.428508,0.71327,1.721733,20.8284,2.223898,3.26344,15.19992,4.743302,5.370183,7.655823,0.97186,0.902698,1.414913,0.701872,2.616754,2.223347,1.679228,33.18425,3.014706,2.353679,2.729883,2.757019,0.400894,16.43017,2.072073,33.70895,1.082251,1.952062,77.11314,0.617907,1.317477,0.667867,4.597229,74.64795,26.66665,51.5384,0.813905,1.817703,3.938926,29.64119,3.191538,0.599625,0.704982,2.478568,7.512595,2.184832,13.79733,36.95095,2.397981,2.921524,2.987681,3.254024,11.89973,6.219359,37.85088,1.887696,1.326482,0.863092,32.27945,1.173818,1.762622,6.335971,4.832675,2.499343,4.963427,15.99355,38.3852,43.9887
2008,28.54977,1.671773,4.250549,0.298977,57.35056,2.114606,1.652991,2.248589,0.865234,0.790643,6.157655,2.505958,1.35,12.73999,1.261428,1.570884,0.873543,2.928635,45.64683,10.31722,10.42488,1.027876,18.59835,2.269302,1.67037,1.907854,62.2863,39.55281,4.125986,8.61845,47.60241,0.794661,58.93768,76.0469,1.325278,2.681166,2.896335,27.08057,23.0649,1.677058,1.433481,38.48399,0.851183,1.498491,0.693194,0.720454,6.773003,38.39351,0.697223,16.43291,1.957864,6.420441,2.967318,5.504769,3.186952,38.81001,18.8409,1.151561,43.07812,34.45592,3.694711,0.616397,0.74833,24.31954,35.10155,1.858059,0.752145,26.60867,0.646934,1.761097,7.179981,49.24923,50.90038,7.532576,23.41751,4.114518,1.010599,0.614775,16.0174,6.950953,3.292402,6.926659,0.695464,0.958029,0.629495,2.809964,0.901842,3.229721,2.800713,23.51996,16.59445,1.558225,4.30369,20.07541,1.505644,1.617717,34.44522,32.84749,2.730933,1.474068,0.608225,24.92918,41.0131,1.147731,2.298874,65.15074,0.866821,7.624689,40.69686,1.960357,2.670425,8.573537,0.777928,5.463762,0.824881,5.126944,40.32324,34.56297,17.02279,7.629518,11.6036,0.772588,1.098784,3.377272,77.30875,59.3604,5.313373,1.35609,0.682397,1.692853,20.00809,2.093073,3.149558,14.69075,4.559516,5.064225,7.488007,0.928648,0.854217,1.379619,0.661095,2.541822,2.004128,1.590506,28.3507,2.91529,2.322078,2.621367,2.755249,0.371459,14.94878,1.939832,30.3189,1.057848,1.960489,71.94892,0.609735,1.278309,0.636995,4.451774,72.60857,22.8874,48.32003,0.77422,1.743995,3.807182,28.49334,3.046708,0.583889,0.672473,2.374947,6.948665,2.075967,12.64007,35.55718,2.426163,2.826193,2.855948,2.960242,11.3095,5.985494,34.73623,1.814418,1.292604,0.834169,30.01421,1.146577,1.664831,5.782671,4.878694,2.445937,4.866858,14.66874,35.67645,41.87635
2009,26.86226,1.553216,4.093652,0.279584,52.52895,2.034834,1.609612,2.115937,0.82462,0.775859,5.557588,2.440208,1.290984,11.65419,1.221022,1.446958,0.861736,2.850099,44.52578,9.387407,9.566243,0.985174,15.87988,2.130617,1.657948,1.836895,57.26602,36.3627,4.051665,7.689082,45.30493,0.774166,56.63778,73.4036,1.313269,2.429047,2.788425,26.02367,21.30132,1.599123,1.419774,36.41906,0.822704,1.471202,0.669058,0.691212,6.776948,36.06246,0.67088,15.63408,2.035798,6.291272,2.805441,5.16967,2.994372,36.94307,17.7955,1.057445,39.56075,31.99762,3.710701,0.58983,0.738418,22.72568,33.12707,1.677605,0.727706,25.13016,0.646476,1.719074,6.781051,47.79988,47.78388,7.29961,22.68207,3.874331,0.969077,0.592696,14.83223,6.532696,3.08434,6.621438,0.667346,0.928569,0.61447,2.733739,0.875042,3.121471,2.496977,20.48573,16.38964,1.527702,3.926841,18.6597,1.401524,1.538502,29.17289,30.7109,2.559097,1.331364,0.589998,23.61004,38.03113,1.150619,2.109465,61.91714,0.87215,7.567234,39.09774,1.925164,2.573339,8.183596,0.761296,4.775168,0.741385,4.876917,37.34755,16.52097,13.19956,7.625501,10.7267,0.73984,1.083084,3.188263,70.61993,57.39466,5.219252,1.269012,0.65211,1.671457,19.20103,2.000957,3.046865,14.18665,4.361221,4.798583,7.330671,0.883184,0.81399,1.347487,0.628301,2.487521,1.854306,1.525233,24.04537,2.830667,2.281638,2.502011,7.221548,0.344357,13.58723,1.817837,27.40676,1.034144,1.973584,66.63038,0.603082,1.240654,0.607746,4.280416,70.23462,18.43266,45.28237,0.735569,1.689316,3.688484,27.41275,2.916701,0.571705,0.643436,2.311249,6.511164,1.974158,11.67472,34.20644,2.458985,2.727768,2.750999,2.704045,10.74072,5.732984,31.54858,1.735856,1.259714,0.802344,27.76501,1.118474,1.583172,5.270685,4.931472,2.42408,4.780069,13.61468,32.01721,38.78911
2010,25.26471,1.441808,3.961368,0.26262,48.15703,1.949174,1.559098,2.006199,0.783539,0.759601,5.03494,2.376344,1.237351,10.64731,1.182931,1.338111,0.850343,2.759491,43.43394,8.582334,8.783957,0.945383,11.88856,2.027536,1.650725,1.763096,52.58197,33.45451,3.941207,6.885902,42.95846,0.756233,54.14861,70.79761,1.290835,2.233723,2.681798,24.92848,20.05368,1.531638,1.399993,34.48756,0.798076,1.444855,0.646436,0.666078,6.643119,33.8176,0.651733,14.95012,2.129752,6.181377,2.651299,4.867511,2.820493,35.17789,16.82003,0.973466,31.30519,29.72853,3.711866,0.562499,0.729763,21.43839,31.34706,1.529873,0.704862,23.59915,0.65623,1.682442,6.392819,46.51046,44.7902,7.083442,134.5548,3.653327,0.938729,0.571625,13.70898,6.153121,2.901921,6.317362,0.642198,0.901404,0.598971,2.653139,0.850111,3.013793,2.210199,18.69701,16.02673,1.487274,3.567462,17.33175,1.293395,1.466465,24.79636,28.85188,2.416494,1.19702,0.575985,22.3607,35.01185,1.155012,1.951977,58.79824,0.878254,7.513964,37.51241,1.899,2.484392,7.776409,0.745967,4.183963,0.661349,4.6424,34.76109,15.506,12.54557,7.541761,9.921194,0.711208,1.069471,3.036906,64.49552,55.75036,5.081068,1.195679,0.623444,1.653422,18.40338,1.913607,2.930964,13.70789,4.179824,4.566641,7.204274,0.839862,0.778852,1.317247,0.601927,2.451476,1.771806,1.48108,20.47234,2.759822,2.236581,2.381024,2.72266,0.320055,12.36304,1.703908,24.79806,1.007021,1.987728,61.18067,0.595122,1.203582,0.580563,4.113903,67.54978,14.81378,42.44517,0.699005,1.642533,3.59456,26.37767,2.809099,0.562786,0.616836,2.283446,6.178019,1.877915,10.8548,32.89993,2.493156,2.627618,2.667171,2.479154,10.1937,5.489657,28.61675,1.656843,1.229319,0.77007,26.00679,1.090967,1.521545,4.806037,4.979687,2.423546,4.723696,12.92831,28.98954,35.06981
2011,23.73225,1.344282,3.857302,0.245238,44.12643,1.869433,1.501019,1.899311,0.742237,0.739751,4.54466,2.316043,1.195036,9.715616,1.146548,1.244452,0.838558,2.655872,42.3122,7.874957,8.080894,0.91117,10.29713,1.93912,1.648843,1.682353,48.1462,30.7882,3.805863,6.195218,40.34645,0.740045,51.70408,68.12074,1.264521,2.059619,2.577213,24.02005,19.22005,1.471809,1.373975,32.80783,0.77761,1.420774,0.625842,0.645926,6.380227,31.83657,0.639338,14.26811,2.239905,6.069374,2.505216,4.585101,2.655739,33.55836,15.92763,0.900823,22.51971,27.60263,3.714458,0.534268,0.721266,20.27161,29.60881,1.413879,0.683977,21.99399,0.675906,1.65097,6.044334,45.38544,42.01727,6.859914,21.25025,3.452593,0.921872,0.551452,12.63244,5.819016,2.745493,6.037556,0.619418,0.875926,0.582475,2.56934,1.057779,2.910946,1.964843,17.34514,15.56429,1.438982,3.25987,16.08677,1.181139,1.406731,25.03735,27.14427,3.799843,1.088419,0.563614,21.27046,32.191,1.156971,1.817214,55.80076,0.884619,7.443368,35.90048,1.875367,2.404959,7.420849,0.729304,3.713052,0.586689,4.424548,33.27567,14.59024,11.85862,7.360767,9.171578,0.686797,1.05697,2.925778,59.14923,54.35462,4.931512,1.184041,0.597412,1.635453,17.63857,1.852568,2.816283,13.23252,4.002882,4.353802,7.079003,0.800674,0.747598,1.287467,0.579993,2.418549,1.741148,1.447233,17.71181,2.697854,2.184733,2.257782,2.690703,0.299572,11.26761,1.603962,22.52009,0.975852,2.004801,55.8295,0.585272,1.16724,0.555001,3.944001,64.79523,10.51377,39.95605,0.665077,1.585,3.515247,25.43607,2.687082,0.556501,0.593573,2.503453,5.896575,1.791651,10.11398,31.62587,2.511213,2.540239,2.600923,2.298929,9.651384,5.241746,26.10234,1.585141,1.202475,0.738857,23.82603,1.065112,1.474586,4.374256,5.022937,2.436698,4.671682,12.66952,27.45988,30.12292
2012,22.25606,1.25666,3.780422,0.227817,40.37951,1.78642,1.4385,1.801225,0.702663,0.717544,4.112698,2.261687,1.162628,8.862123,1.111146,1.165617,0.826133,2.537348,41.20127,7.276127,7.445395,0.883382,9.63893,1.864105,1.655434,1.592897,44.17429,28.31152,3.656508,5.655185,38.10824,0.725557,49.36515,65.61979,1.240275,1.901888,2.478706,22.98822,18.55587,1.418733,1.340391,31.30004,0.76141,1.398898,0.607251,0.63168,6.066092,30.01309,0.63391,13.60647,2.365167,5.946659,2.384717,4.315175,2.501606,31.94656,15.09046,0.835563,17.99542,25.63203,3.724931,0.504386,0.712169,19.23563,27.99316,1.325282,0.665059,20.42293,0.703108,1.62611,5.718348,44.27864,39.48053,6.638503,20.54868,3.284668,0.908685,0.532412,11.61703,5.497399,2.608989,5.765386,0.600116,0.852053,0.564859,2.485063,0.802779,2.817101,1.7518,15.92939,15.0899,1.384529,2.99871,14.95954,1.065465,1.347689,24.2345,25.585,2.189812,1.02033,0.553589,20.32265,28.42852,1.158398,1.699846,52.88985,0.892762,7.301827,34.41407,1.857357,2.333926,7.06329,0.711897,3.345714,0.5183,4.227837,31.08019,13.69191,11.79899,7.142829,8.483028,0.665669,1.047135,2.853446,54.63156,53.28062,4.783568,1.247613,0.574812,1.616912,16.89999,1.758034,2.711636,12.77337,3.83408,4.160451,6.946875,0.767825,0.721473,1.256601,0.561006,2.385462,1.716982,1.412299,15.25172,2.638778,2.132219,2.13715,2.644928,0.282839,10.31333,1.5093,20.48865,0.942186,2.022948,50.53078,0.573799,1.131943,0.531246,3.784713,62.10736,8.264534,38.18427,0.634698,1.515254,3.445611,24.55325,2.573871,0.552042,0.572229,3.713229,5.651425,1.707709,9.453738,30.38096,2.508129,2.453594,2.551157,2.143689,9.176054,5.014877,23.78658,1.519409,1.180873,0.711675,22.03889,1.041131,1.435309,3.978777,5.036211,2.457556,4.622906,12.59698,25.97044,25.26698
2013,20.84173,1.18052,3.720811,0.21139,37.17095,1.716361,1.377612,1.711618,0.667957,0.696234,3.715436,2.210572,1.138686,8.077142,1.073671,1.09782,0.81246,2.409555,40.09055,6.77502,6.905826,0.862389,8.6263,1.801765,1.666535,1.497712,40.64866,26.01524,3.500796,5.229245,36.03978,0.711215,46.89036,63.13607,1.216112,1.761862,2.385911,21.85744,17.97543,1.36671,1.305305,29.8509,0.748916,1.376678,0.591025,0.626438,5.761501,28.4282,0.634062,12.95892,2.507084,5.802445,2.286326,4.06629,2.371437,30.48153,14.31566,0.778662,16.25011,23.84462,3.752383,0.47293,0.702516,18.1413,26.55483,1.256569,0.647873,19.00907,0.738715,1.602327,5.410723,43.33089,37.32175,6.382098,19.82524,3.133364,0.890383,0.514239,10.65107,5.187556,2.476309,5.499304,0.584244,0.831299,0.54557,2.400424,0.780357,2.72236,1.566903,14.72991,14.54793,1.329571,2.815146,13.93914,0.953421,1.296529,23.43788,24.13908,2.097393,0.991088,0.544342,19.48314,24.50799,1.160939,1.601261,50.123,0.901154,7.115665,32.84153,1.844315,2.259171,6.705012,0.693453,3.086786,0.456123,4.04048,28.59918,12.85783,11.73447,6.89809,7.842744,0.647282,1.03971,2.805929,50.76819,52.29501,4.617025,1.355071,0.5556,1.60224,16.19698,1.677252,2.610353,12.34083,3.670371,3.983984,6.83731,0.741145,0.699618,1.221753,0.543498,2.360272,1.655286,1.366866,13.41938,2.576652,2.076424,2.025187,2.588644,0.268867,9.541508,1.419327,18.67174,0.904175,2.042571,45.61598,0.562443,1.098253,0.508529,3.61932,59.49943,7.352329,37.38387,0.606949,1.436329,3.390235,23.67652,2.479472,0.548586,0.552428,3.574153,5.435708,1.633904,8.877772,29.1822,2.482652,2.368868,2.510833,2.009018,8.713015,4.781801,20.89752,1.46248,1.163572,0.690029,20.69712,1.020195,1.395502,3.60183,4.98946,2.47359,4.576074,12.62272,23.97627,20.35181
2014,19.48403,1.116134,3.666087,0.197033,34.51936,1.649942,1.318982,1.629572,0.640236,0.679345,3.363852,2.163306,1.120429,7.358619,1.0391,1.039428,0.797672,2.289018,38.9698,6.314437,6.407602,0.847077,8.074582,1.745705,1.682916,1.405618,37.63453,23.99456,3.354192,4.908318,33.81973,0.696657,44.67885,60.72733,1.188637,1.638842,2.3037,20.89634,17.29031,1.314747,1.273678,28.32502,0.739049,1.354712,0.575305,0.63095,5.474404,26.83891,0.636548,12.31546,2.647857,5.639508,2.203404,3.859333,2.264581,29.21309,13.54877,0.727567,15.25605,22.1135,3.800947,0.440513,0.69322,16.63324,25.13791,1.205848,0.633266,17.70699,0.78024,1.588889,5.130692,42.3674,35.41916,6.141459,19.08491,2.99693,0.863741,0.495469,9.748226,4.904124,2.368111,5.235062,0.571185,0.814079,0.525382,2.326504,0.759169,2.632631,1.418128,13.97421,13.96708,1.281948,2.652019,12.97804,0.850825,1.246247,23.41694,22.84423,2.010017,0.978189,0.534945,18.73891,21.57209,1.163355,1.513063,47.45268,0.910791,6.894235,31.26774,1.828092,2.177321,6.398919,0.673208,2.872508,0.399616,3.862251,26.58918,12.12233,11.29447,6.663842,7.278938,0.631242,1.034082,2.773258,47.50452,51.44355,4.423041,1.459917,0.53921,1.595315,15.49931,1.594821,2.512282,11.91825,3.513805,3.814474,6.720439,0.718633,0.682261,1.182789,0.5267,2.337598,1.55791,1.308288,12.01201,2.512666,2.014771,1.917592,2.520928,0.257256,8.880197,1.327598,17.03613,0.865253,2.065165,41.16032,0.55536,1.066503,0.48706,3.469449,57.15015,6.856407,37.17083,0.581942,1.350621,3.334144,22.78157,2.388733,0.545048,0.534418,3.506466,5.247686,1.564281,8.343573,27.97147,2.434919,2.286703,2.477954,1.886923,8.261283,4.566923,18.85058,1.413966,1.1502,0.67365,19.21469,1.001978,1.352803,3.27534,4.904929,2.480815,4.527639,12.6266,22.0173,17.90331
2015,18.21862,1.06806,3.610021,0.184837,32.21356,1.588418,1.263064,1.552089,0.619563,0.66686,3.038975,2.110313,1.102821,6.702359,1.002713,0.987705,0.781621,2.167071,37.88629,5.94364,5.988113,0.835318,7.803412,1.693907,1.701749,1.325493,35.05426,22.21723,3.228494,4.639321,31.9148,0.680684,42.14797,58.41733,1.15533,1.531037,2.225395,20.01674,16.57626,1.269738,1.245658,26.93719,0.732037,1.334401,0.561241,0.644345,5.209176,25.37202,0.640261,11.6914,2.786851,5.444103,2.134479,3.66073,2.165926,27.83581,12.86672,0.681124,15.67589,20.51509,3.86742,0.407585,0.685844,15.25277,23.79409,1.165921,0.620319,16.51814,0.818856,1.570642,4.879363,41.48191,33.68399,5.896231,18.31467,2.866582,0.828147,0.477968,8.911414,4.636775,2.27433,4.99096,0.559337,0.801061,0.503622,2.251966,0.962856,2.54314,1.306216,13.381,13.45127,1.240818,2.489915,12.1208,0.759951,1.205286,22.93544,21.62837,1.934139,0.956591,0.52544,18.04611,19.67474,1.163095,1.43528,44.94905,0.921448,6.66293,29.75231,1.818394,2.08901,6.103603,0.652814,2.699928,0.350347,3.693162,23.89613,11.45385,11.79711,6.370021,6.786893,0.616998,1.026138,2.747326,44.64732,50.66764,4.247569,1.518169,0.524878,1.595344,14.84352,1.50873,2.410913,11.50896,3.367094,3.652517,6.60033,0.69779,0.668165,1.138901,0.510475,2.314559,1.446216,1.237222,10.79133,2.43965,1.956229,1.818042,2.451124,0.246224,8.29166,1.238085,15.56758,0.824772,2.080485,37.24326,0.551611,1.037117,0.466471,3.327015,54.79658,6.462021,37.17417,0.559745,1.267591,3.267208,21.87139,2.293279,0.540622,0.516062,3.23013,5.075682,1.497356,7.911252,26.81558,2.388879,2.204535,2.453159,1.780707,7.831853,4.360331,16.91736,1.370087,1.138933,0.661616,17.99407,0.985795,1.304521,2.971278,4.773542,2.667183,4.478587,12.65932,21.0241,16.41847
2016,17.08603,1.033068,3.547602,0.17179,30.2401,1.531919,1.209804,1.478007,0.604048,0.657592,2.780581,2.055537,1.082504,6.108021,0.971935,0.940541,0.764221,2.050071,36.80395,5.603737,5.630498,0.82608,7.311128,1.766922,1.722282,1.254989,32.7463,20.68275,3.103541,4.399935,29.92694,0.663941,39.00057,55.94642,1.119106,1.430832,2.145614,18.98545,15.85446,1.227492,1.226499,25.57203,0.72607,1.314233,0.547543,0.664174,4.965592,23.90634,0.641763,11.09023,2.86971,5.25208,2.083801,3.475017,2.076979,26.48077,12.17033,0.638614,16.12181,19.11924,3.948238,0.375578,0.681902,13.82794,22.54263,1.136279,0.607099,15.41354,0.842247,1.552885,4.639588,40.55376,32.01911,5.645327,17.56692,2.745054,0.78475,0.460673,8.14714,4.383414,2.187513,4.76136,0.548555,0.791712,0.480487,2.175929,0.718024,2.451448,1.220332,12.40175,12.87525,1.205272,2.331266,11.36227,0.682382,1.163574,18.38364,20.48342,1.859105,0.91722,0.512082,17.36663,18.04519,1.157977,1.365361,42.52508,0.929885,6.397031,28.20745,1.824494,1.992555,5.858863,0.635017,2.548461,0.309533,3.532728,21.81399,10.84142,12.60792,6.104028,6.339963,0.60419,1.013267,2.722199,41.94852,49.88907,4.076343,1.49439,0.512634,1.601854,14.18429,1.465948,2.322154,11.09015,3.247975,3.501254,6.44262,0.678768,0.658308,1.092034,0.495027,2.296788,1.337512,1.165797,9.761901,2.353007,1.88921,1.727952,2.378834,0.236246,7.797745,1.156916,14.28905,0.78716,2.083995,33.90822,0.551869,1.009855,0.447752,3.199302,52.74676,6.111401,37.164,0.539663,1.195819,3.188461,20.97846,2.205267,0.534645,0.497282,3.504405,4.887323,1.435256,7.490702,25.67067,2.33268,2.120186,2.439218,1.681615,7.448477,4.163055,15.0076,1.331719,1.129014,0.652273,17.06772,0.970998,1.251453,2.737579,4.618193,3.15068,4.415074,12.67937,19.74626,14.61203
2017,16.05086,1.006648,3.478034,0.159931,28.53311,1.484966,1.15597,1.412583,0.593058,0.649738,2.561565,1.993371,1.059904,5.599298,0.943147,0.895521,0.744167,1.937666,35.73394,5.304783,5.330134,0.817045,6.9411,1.595574,1.738846,1.195251,30.70735,19.36987,2.981512,4.210707,28.30367,0.646058,36.48519,53.52648,1.082951,1.333609,2.07175,18.02907,15.11712,1.185085,1.214943,24.0905,0.719959,1.293774,0.532526,0.686917,4.738056,22.62925,0.637851,10.54293,2.897556,5.043426,2.043899,3.312816,1.995424,25.35585,11.53527,0.601051,13.27325,17.86199,4.031599,0.344323,0.676413,12.71298,21.27683,1.113777,0.59189,14.38615,0.84004,1.530183,4.42401,39.50489,30.47442,5.400617,16.81642,2.630524,0.741045,0.444474,7.443653,4.154118,2.105198,4.548646,0.535976,0.785354,0.458467,2.100329,0.698483,2.373141,1.152709,11.57873,12.35536,1.172914,2.179877,10.70739,0.61706,1.12286,16.39408,19.41937,1.793253,0.85685,0.496465,16.71093,16.5337,1.147286,1.304051,40.26733,0.937093,6.131398,26.81217,1.872789,1.889565,5.558836,0.614963,2.425052,0.278355,3.386595,21.1659,10.25512,12.00915,5.839241,5.980704,0.591695,0.996444,2.691555,39.50428,48.97351,3.91536,1.382536,0.501194,1.611558,13.5028,1.404567,2.238585,10.66721,3.113992,3.366973,6.246736,0.662018,0.650988,1.044352,0.479985,2.269093,1.240385,1.10118,9.031869,2.291224,1.824747,1.64538,2.307924,0.227478,7.321021,1.087857,13.16819,0.754248,2.066428,31.09853,0.553953,0.984849,0.428946,3.070628,50.70245,5.78421,37.24641,0.520616,1.135085,3.098682,20.04877,2.116318,0.526691,0.479644,3.114562,4.696299,1.373915,7.108951,24.60984,2.279083,2.047053,2.432308,1.595868,7.097064,3.982191,13.99835,1.29728,1.118263,0.642395,16.31013,0.95358,1.195639,2.538676,4.459865,3.149404,4.339292,12.69988,18.62512,14.3774
2018,15.13594,0.985344,3.400772,0.151747,26.97075,1.426953,1.105262,1.351713,0.582511,0.640946,2.38142,1.934692,1.034521,5.148899,0.907244,0.851703,0.72338,1.832513,34.54174,5.040398,5.066447,0.803637,6.6809,1.549732,1.741338,1.142656,28.82203,18.21077,2.862797,4.045246,26.8627,0.628223,34.96826,51.21168,1.047854,1.246648,2.003788,17.09269,14.4471,1.142786,1.205786,22.83058,0.711011,1.271864,0.516681,0.708015,4.522635,21.38123,0.626466,10.03896,2.907584,4.839639,2.006791,3.18042,1.923016,24.20195,10.91053,0.569264,11.85225,16.75137,4.089624,0.316092,0.666695,12.47083,20.11711,1.091343,0.574799,13.468,0.825454,1.497865,4.214534,38.33582,29.02692,5.145791,16.06217,2.527505,0.701171,0.430128,6.838038,3.952139,2.031664,4.338194,0.521517,0.777561,0.438653,2.033899,0.679592,2.293649,1.101658,10.82681,11.76672,1.142468,2.053953,10.08292,0.564337,1.083428,16.53355,18.44078,1.734411,0.779563,0.483449,15.9948,14.87707,1.131493,1.249079,38.17844,0.934056,5.90415,25.44269,1.971481,1.793577,5.300391,0.594804,2.31995,0.255175,3.247906,20.29579,9.719494,10.9692,5.572624,5.662187,0.578156,0.977199,2.650853,37.46993,47.86406,3.728482,1.248756,0.489974,1.618476,12.86343,1.340474,2.159212,10.23482,2.983957,3.238912,6.050902,0.647223,0.646874,0.996407,0.465359,2.238595,1.15981,1.046248,8.477098,2.226622,1.766635,1.573134,2.235399,0.218672,6.943742,1.028936,12.18915,0.724326,2.03906,28.85469,0.554005,0.960147,0.411407,2.950815,48.68553,5.465664,37.16186,0.501271,1.083751,3.004588,19.1379,2.045704,0.516563,0.462783,2.820433,4.486806,1.316177,6.727528,23.51976,2.213552,1.98082,2.422029,1.515058,6.733152,3.822046,13.06896,1.26524,1.104932,0.62927,16.02585,0.932631,1.140834,2.371253,4.275356,3.149816,4.255914,12.70802,18.12835,12.75994
